      date, seed, suits, dealtUp, moves,   score,   evals, microsecs, depth, timedOut,   win
2026-01-05,  100,     4,   False,   123, 154.400,    5418,     46952,     2,    False, False
2026-01-05,  101,     4,   False,   108,  64.800,    3915,     37487,     2,    False, False
2026-01-05,  102,     4,   False,   225, 541.200,    8142,     83949,     2,    False,  True
2026-01-05,  103,     4,   False,    97,  93.800,    2218,     19073,     2,    False, False
2026-01-05,  104,     4,   False,   427, 183.400,   20413,    194392,     2,    False, False
2026-01-05,  105,     4,   False,    89,  72.600,    2903,     25308,     2,    False, False
2026-01-05,  106,     4,   False,   180, 203.400,    6691,     59383,     2,    False, False
2026-01-05,  107,     4,   False,    76,  66.700,    1416,     15640,     2,    False, False
2026-01-05,  108,     4,   False,    44,  76.400,     626,      5513,     2,    False, False
2026-01-05,  109,     4,   False,   165,  58.000,    1832,     16906,     2,    False, False
2026-01-05,  110,     4,   False,    71,  81.800,    1676,     14700,     2,    False, False
2026-01-05,  111,     4,   False,    67,  86.500,    2426,     22225,     2,    False, False
2026-01-05,  112,     4,   False,    97, 125.200,    2796,     24225,     2,    False, False
2026-01-05,  113,     4,   False,   161, 115.900,    2975,     24156,     2,    False, False
2026-01-05,  114,     4,   False,   112, 116.500,    1821,     15508,     2,    False, False
2026-01-05,  115,     4,   False,   209, 296.500,    8314,     79959,     2,    False, False
2026-01-05,  116,     4,   False,   103, 103.900,    1972,     16756,     2,    False, False
2026-01-05,  117,     4,   False,   266, 220.000,   10010,     96058,     2,    False, False
2026-01-05,  118,     4,   False,   158, 164.500,    5715,     52065,     2,    False, False
2026-01-05,  119,     4,   False,    54,  59.000,     521,      4455,     2,    False, False
2026-01-05,  120,     4,   False,   117, 128.200,    4224,     40426,     2,    False, False
2026-01-05,  121,     4,   False,   166, 181.400,    5555,     53339,     2,    False, False
2026-01-05,  122,     4,   False,    57,  57.900,     676,      6009,     2,    False, False
2026-01-05,  123,     4,   False,    70, 105.600,    2638,     21934,     2,    False, False
2026-01-05,  124,     4,   False,    84, 106.100,    3479,     31972,     2,    False, False
2026-01-05,  125,     4,   False,   109, 110.500,    4532,     43616,     2,    False, False
2026-01-05,  126,     4,   False,    64,  45.600,     774,      6814,     2,    False, False
2026-01-05,  127,     4,   False,    84, 100.800,     910,      8173,     2,    False, False
2026-01-05,  128,     4,   False,   207, 541.200,    8171,     81171,     2,    False,  True
2026-01-05,  129,     4,   False,   235, 259.100,   11909,    109962,     2,    False, False
2026-01-05,  130,     4,   False,    67,  74.600,     607,      5296,     2,    False, False
2026-01-05,  131,     4,   False,   138, 117.000,    3681,     29367,     2,    False, False
2026-01-05,  132,     4,   False,   113, 132.900,    3171,     26842,     2,    False, False
2026-01-05,  133,     4,   False,   134, 147.200,    4882,     44479,     2,    False, False
2026-01-05,  134,     4,   False,    80,  99.500,    1069,      8881,     2,    False, False
2026-01-05,  135,     4,   False,    94, 110.100,    2096,     17952,     2,    False, False
2026-01-05,  136,     4,   False,    87,  80.200,    2659,     24087,     2,    False, False
2026-01-05,  137,     4,   False,    47,  44.200,     757,      6501,     2,    False, False
2026-01-05,  138,     4,   False,   137, 148.400,    4026,     38656,     2,    False, False
2026-01-05,  139,     4,   False,   200, 170.100,   13541,    116161,     2,    False, False
2026-01-05,  140,     4,   False,   104, 116.300,    3876,     33388,     2,    False, False
2026-01-05,  141,     4,   False,   118, 184.400,    4605,     48932,     2,    False, False
2026-01-05,  142,     4,   False,    56,  83.700,     787,      6871,     2,    False, False
2026-01-05,  143,     4,   False,   156, 164.700,    7084,     64272,     2,    False, False
2026-01-05,  144,     4,   False,    60,  74.000,     842,      7670,     2,    False, False
2026-01-05,  145,     4,   False,   717, 541.200,   24870,    282876,     2,    False,  True
2026-01-05,  146,     4,   False,    50,  75.600,    1028,      8832,     2,    False, False
2026-01-05,  147,     4,   False,   809, 541.200,   29796,    313101,     2,    False,  True
2026-01-05,  148,     4,   False,    88,  70.300,    1231,     10992,     2,    False, False
2026-01-05,  149,     4,   False,   237, 173.600,   11474,    104903,     2,    False, False
2026-01-05,  150,     4,   False,    78, 109.100,    1444,     12230,     2,    False, False
2026-01-05,  151,     4,   False,    55,  50.900,     514,      4581,     2,    False, False
2026-01-05,  152,     4,   False,   203, 198.700,    7145,     69552,     2,    False, False
2026-01-05,  153,     4,   False,   173, 179.600,    6370,     57711,     2,    False, False
2026-01-05,  154,     4,   False,   278, 141.200,   14456,    129023,     2,    False, False
2026-01-05,  155,     4,   False,    58,  65.400,     711,      5580,     2,    False, False
2026-01-05,  156,     4,   False,   173, 241.500,    6050,     55226,     2,    False, False
2026-01-05,  157,     4,   False,   270, 541.200,   11647,    112520,     2,    False,  True
2026-01-05,  158,     4,   False,    56,  49.400,     623,      5331,     2,    False, False
2026-01-05,  159,     4,   False,    61,  89.500,    1064,      8987,     2,    False, False
2026-01-05,  160,     4,   False,    81,  85.700,    2928,     26318,     2,    False, False
2026-01-05,  161,     4,   False,    69,  83.200,    1544,     13884,     2,    False, False
2026-01-05,  162,     4,   False,   190, 129.900,    8335,     69504,     2,    False, False
2026-01-05,  163,     4,   False,    90, 109.400,    3221,     28241,     2,    False, False
2026-01-05,  164,     4,   False,    98,  85.100,    1650,     15218,     2,    False, False
2026-01-05,  165,     4,   False,    83, 123.400,    2760,     22897,     2,    False, False
2026-01-05,  166,     4,   False,    91, 121.000,    2059,     17429,     2,    False, False
2026-01-05,  167,     4,   False,   262, 541.200,   12593,    125790,     2,    False,  True
2026-01-05,  168,     4,   False,    40,  33.900,     551,      4581,     2,    False, False
2026-01-05,  169,     4,   False,    79,  71.100,    1079,      9366,     2,    False, False
2026-01-05,  170,     4,   False,   446,  99.200,   29297,    251209,     2,    False, False
2026-01-05,  171,     4,   False,    56,  76.300,     596,      5061,     2,    False, False
2026-01-05,  172,     4,   False,   170, 106.100,    5461,     41478,     2,    False, False
2026-01-05,  173,     4,   False,   177, 263.300,    7430,     70548,     2,    False, False
2026-01-05,  174,     4,   False,   193, 131.100,    7236,     62649,     2,    False, False
2026-01-05,  175,     4,   False,    73,  64.500,    1572,     13286,     2,    False, False
2026-01-05,  176,     4,   False,    54,  63.400,     943,      7957,     2,    False, False
2026-01-05,  177,     4,   False,    68,  66.900,     911,      7940,     2,    False, False
2026-01-05,  178,     4,   False,   128, 109.300,    4158,     37046,     2,    False, False
2026-01-05,  179,     4,   False,   101,  56.900,    1417,     12737,     2,    False, False
2026-01-05,  180,     4,   False,    63,  55.900,     977,      8354,     2,    False, False
2026-01-05,  181,     4,   False,    72,  75.100,    1648,     13948,     2,    False, False
2026-01-05,  182,     4,   False,    97,  89.900,    1763,     16204,     2,    False, False
2026-01-05,  183,     4,   False,    68,  68.100,    1197,     10091,     2,    False, False
2026-01-05,  184,     4,   False,   157, 135.000,    6626,     63055,     2,    False, False
2026-01-05,  185,     4,   False,   112, 146.600,    5016,     47675,     2,    False, False
2026-01-05,  186,     4,   False,   259, 145.100,   11848,    110807,     2,    False, False
2026-01-05,  187,     4,   False,   100, 110.200,    2519,     26497,     2,    False, False
2026-01-05,  188,     4,   False,   160, 158.800,    6039,     58240,     2,    False, False
2026-01-05,  189,     4,   False,    45,  61.100,     689,      5955,     2,    False, False
2026-01-05,  190,     4,   False,   226, 541.200,    9385,     95120,     2,    False,  True
2026-01-05,  191,     4,   False,   226, 223.200,    9918,     98191,     2,    False, False
2026-01-05,  192,     4,   False,   112, 112.700,    3340,     29080,     2,    False, False
2026-01-05,  193,     4,   False,   238,  60.300,    3513,     35262,     2,    False, False
2026-01-05,  194,     4,   False,   155, 168.400,    5740,     56528,     2,    False, False
2026-01-05,  195,     4,   False,   211, 119.000,    8603,     70764,     2,    False, False
2026-01-05,  196,     4,   False,     1,   6.000,       2,        23,     2,    False, False
2026-01-05,  197,     4,   False,    75, 105.000,    1781,     16231,     2,    False, False
2026-01-05,  198,     4,   False,    71,  99.800,    1258,     11246,     2,    False, False
2026-01-05,  199,     4,   False,    56,  58.000,     546,      5076,     2,    False, False
2026-01-05,  200,     4,   False,   520, 231.000,   24312,    236087,     2,    False, False
2026-01-05,  201,     4,   False,   105,  96.500,    3183,     27355,     2,    False, False
2026-01-05,  202,     4,   False,    89,  95.100,    2342,     22024,     2,    False, False
2026-01-05,  203,     4,   False,    88,  89.400,    2446,     22738,     2,    False, False
2026-01-05,  204,     4,   False,    94, 121.500,    3691,     36841,     2,    False, False
2026-01-05,  205,     4,   False,    95, 109.100,    2541,     21561,     2,    False, False
2026-01-05,  206,     4,   False,    56,  83.300,     762,      6526,     2,    False, False
2026-01-05,  207,     4,   False,    65,  77.900,     719,      6353,     2,    False, False
2026-01-05,  208,     4,   False,   108, 121.200,    2795,     24299,     2,    False, False
2026-01-05,  209,     4,   False,   114, 130.300,    4726,     41185,     2,    False, False
2026-01-05,  210,     4,   False,    91,  94.300,    2456,     21315,     2,    False, False
2026-01-05,  211,     4,   False,   235, 541.200,   10584,    101094,     2,    False,  True
2026-01-05,  212,     4,   False,   106, 110.900,    1682,     15013,     2,    False, False
2026-01-05,  213,     4,   False,    85, 136.500,    1812,     14861,     2,    False, False
2026-01-05,  214,     4,   False,   186, 541.200,    7156,     68420,     2,    False,  True
2026-01-05,  215,     4,   False,    49,  67.100,    1938,     16275,     2,    False, False
2026-01-05,  216,     4,   False,   142, 174.300,    5129,     47763,     2,    False, False
2026-01-05,  217,     4,   False,    50,  31.200,     548,      4640,     2,    False, False
2026-01-05,  218,     4,   False,    73,  78.200,    1476,     13969,     2,    False, False
2026-01-05,  219,     4,   False,    82, 116.700,    2554,     20068,     2,    False, False
2026-01-05,  220,     4,   False,   242, 129.100,   17098,    162934,     2,    False, False
2026-01-05,  221,     4,   False,    81, 109.600,    1827,     17069,     2,    False, False
2026-01-05,  222,     4,   False,    75,  86.100,     997,      8760,     2,    False, False
2026-01-05,  223,     4,   False,    83,  85.500,    1329,     10977,     2,    False, False
2026-01-05,  224,     4,   False,   220, 541.200,    9363,     87859,     2,    False,  True
2026-01-05,  225,     4,   False,    84,  68.900,     938,      8368,     2,    False, False
2026-01-05,  226,     4,   False,   169, 117.900,    6098,     54927,     2,    False, False
2026-01-05,  227,     4,   False,   103, 150.800,    3588,     32488,     2,    False, False
2026-01-05,  228,     4,   False,    82,  75.100,    1111,     10054,     2,    False, False
2026-01-05,  229,     4,   False,   109, 210.700,    2708,     25258,     2,    False, False
2026-01-05,  230,     4,   False,    97, 108.700,    2564,     20476,     2,    False, False
2026-01-05,  231,     4,   False,    69,  68.600,     667,      5757,     2,    False, False
2026-01-05,  232,     4,   False,   105, 169.900,    3590,     32522,     2,    False, False
2026-01-05,  233,     4,   False,   145, 105.700,    5278,     42399,     2,    False, False
2026-01-05,  234,     4,   False,    83,  93.100,    1344,     11842,     2,    False, False
2026-01-05,  235,     4,   False,    93,  81.400,    1804,     14900,     2,    False, False
2026-01-05,  236,     4,   False,   110, 126.100,    3746,     33663,     2,    False, False
2026-01-05,  237,     4,   False,   121, 102.000,    4448,     40027,     2,    False, False
2026-01-05,  238,     4,   False,    66,  56.900,     825,      7607,     2,    False, False
2026-01-05,  239,     4,   False,    88,  62.200,    1165,     10791,     2,    False, False
2026-01-05,  240,     4,   False,   211, 310.000,    7968,     73519,     2,    False, False
2026-01-05,  241,     4,   False,   262, 541.200,   12132,    121059,     2,    False,  True
2026-01-05,  242,     4,   False,    81, 113.600,    2446,     20941,     2,    False, False
2026-01-05,  243,     4,   False,    60,  69.400,     846,      7060,     2,    False, False
2026-01-05,  244,     4,   False,   135, 153.700,    3989,     37291,     2,    False, False
2026-01-05,  245,     4,   False,   275, 228.900,    9913,     93696,     2,    False, False
2026-01-05,  246,     4,   False,   100,  97.700,    3511,     31089,     2,    False, False
2026-01-05,  247,     4,   False,   221, 218.500,    9919,     89562,     2,    False, False
2026-01-05,  248,     4,   False,    63,  64.100,    1235,     11404,     2,    False, False
2026-01-05,  249,     4,   False,   109,  88.500,    1855,     15918,     2,    False, False
2026-01-05,  250,     4,   False,   128,  80.600,    1566,     13694,     2,    False, False
2026-01-05,  251,     4,   False,    70,  77.800,    1048,      9473,     2,    False, False
2026-01-05,  252,     4,   False,   124, 153.000,    6004,     51179,     2,    False, False
2026-01-05,  253,     4,   False,   323, 541.200,   16959,    166185,     2,    False,  True
2026-01-05,  254,     4,   False,    80, 109.400,    1300,     10906,     2,    False, False
2026-01-05,  255,     4,   False,    83,  97.800,    2804,     23696,     2,    False, False
2026-01-05,  256,     4,   False,   300, 228.800,   12708,    125143,     2,    False, False
2026-01-05,  257,     4,   False,   247, 203.600,    8160,     77627,     2,    False, False
2026-01-05,  258,     4,   False,   166, 110.700,    6534,     60618,     2,    False, False
2026-01-05,  259,     4,   False,    82,  71.500,    1301,     11533,     2,    False, False
2026-01-05,  260,     4,   False,   153, 109.700,    5940,     53104,     2,    False, False
2026-01-05,  261,     4,   False,   121, 162.100,    5802,     50649,     2,    False, False
2026-01-05,  262,     4,   False,    76, 120.000,    2083,     18212,     2,    False, False
2026-01-05,  263,     4,   False,   314, 541.200,   15193,    144090,     2,    False,  True
2026-01-05,  264,     4,   False,   258, 120.500,   14664,    124712,     2,    False, False
2026-01-05,  265,     4,   False,   123, 143.200,    4304,     39701,     2,    False, False
2026-01-05,  266,     4,   False,   136,  93.900,    5057,     46204,     2,    False, False
2026-01-05,  267,     4,   False,    96, 152.100,    2647,     23447,     2,    False, False
2026-01-05,  268,     4,   False,    71,  62.400,    2528,     22650,     2,    False, False
2026-01-05,  269,     4,   False,   115, 106.400,    3296,     27926,     2,    False, False
2026-01-05,  270,     4,   False,    51,  75.300,     607,      5643,     2,    False, False
2026-01-05,  271,     4,   False,   120, 124.000,    3934,     35834,     2,    False, False
2026-01-05,  272,     4,   False,   227, 541.200,    9270,     85543,     2,    False,  True
2026-01-05,  273,     4,   False,   278, 126.200,    9350,     90177,     2,    False, False
2026-01-05,  274,     4,   False,   145,  90.000,    3939,     36350,     2,    False, False
2026-01-05,  275,     4,   False,   165, 151.800,    7840,     70121,     2,    False, False
2026-01-05,  276,     4,   False,    88, 103.100,    2636,     22993,     2,    False, False
2026-01-05,  277,     4,   False,    61,  50.300,     906,      8062,     2,    False, False
2026-01-05,  278,     4,   False,   247, 541.200,    8764,     84607,     2,    False,  True
2026-01-05,  279,     4,   False,   144, 179.100,    6882,     59990,     2,    False, False
2026-01-05,  280,     4,   False,   102, 151.400,    2714,     23915,     2,    False, False
2026-01-05,  281,     4,   False,   305, 541.200,   12766,    122737,     2,    False,  True
2026-01-05,  282,     4,   False,    71,  81.900,    1608,     13383,     2,    False, False
2026-01-05,  283,     4,   False,    77, 119.500,    1649,     13888,     2,    False, False
2026-01-05,  284,     4,   False,    56,  55.100,    1036,      8559,     2,    False, False
2026-01-05,  285,     4,   False,   197, 212.000,    8896,     84155,     2,    False, False
2026-01-05,  286,     4,   False,   159, 125.400,    5477,     42967,     2,    False, False
2026-01-05,  287,     4,   False,   139, 150.400,    4487,     40911,     2,    False, False
2026-01-05,  288,     4,   False,    63,  63.800,     725,      6323,     2,    False, False
2026-01-05,  289,     4,   False,    78,  57.500,    1031,      9302,     2,    False, False
2026-01-05,  290,     4,   False,    78,  42.600,     823,      8291,     2,    False, False
2026-01-05,  291,     4,   False,   176, 173.700,    9815,     92478,     2,    False, False
2026-01-05,  292,     4,   False,    54,  78.800,     813,      6669,     2,    False, False
2026-01-05,  293,     4,   False,    70,  88.600,    1412,     13295,     2,    False, False
2026-01-05,  294,     4,   False,    86, 115.700,    2121,     20382,     2,    False, False
2026-01-05,  295,     4,   False,   103, 164.400,    3007,     25831,     2,    False, False
2026-01-05,  296,     4,   False,    60,  77.400,     780,      6536,     2,    False, False
2026-01-05,  297,     4,   False,    90, 104.300,    1919,     16928,     2,    False, False
2026-01-05,  298,     4,   False,    42,  46.600,     718,      6290,     2,    False, False
2026-01-05,  299,     4,   False,    90, 129.900,    2517,     20211,     2,    False, False
2026-01-05,  100,     4,   False,   718, 541.200,   86136,   1236596,     3,    False,  True
2026-01-05,  101,     4,   False,   153,  98.500,   22164,    266567,     3,    False, False
2026-01-05,  102,     4,   False,   152, 130.000,   12009,    141738,     3,    False, False
2026-01-05,  103,     4,   False,   165, 125.800,   10157,    124226,     3,    False, False
2026-01-05,  104,     4,   False,   572, 225.400,   83782,   1056136,     3,    False, False
2026-01-05,  105,     4,   False,   119, 140.500,    7703,     89245,     3,    False, False
2026-01-05,  106,     4,   False,   186, 159.000,   20834,    261019,     3,    False, False
2026-01-05,  107,     4,   False,   276, 218.900,   27191,    348104,     3,    False, False
2026-01-05,  108,     4,   False,    72,  93.000,    4081,     44681,     3,    False, False
2026-01-05,  109,     4,   False,   232,  93.100,   16738,    225191,     3,    False, False
2026-01-05,  110,     4,   False,    82,  64.600,    1814,     21961,     3,    False, False
2026-01-05,  111,     4,   False,   143, 134.000,   19725,    244594,     3,    False, False
2026-01-05,  112,     4,   False,   190, 118.600,   11362,    145356,     3,    False, False
2026-01-05,  113,     4,   False,   312, 233.200,   52108,    629782,     3,    False, False
2026-01-05,  114,     4,   False,   121, 143.500,    4409,     49423,     3,    False, False
2026-01-05,  115,     4,   False,   111, 121.300,   12668,    154394,     3,    False, False
2026-01-05,  116,     4,   False,   144, 148.200,    8593,    108295,     3,    False, False
2026-01-05,  117,     4,   False,   434, 541.200,   44923,    623157,     3,    False,  True
2026-01-05,  118,     4,   False,   136, 110.200,   11549,    145408,     3,    False, False
2026-01-05,  119,     4,   False,    97,  98.800,    4780,     58113,     3,    False, False
2026-01-05,  120,     4,   False,   441, 188.400,   61270,    810795,     3,    False, False
2026-01-05,  121,     4,   False,   263, 245.600,   33695,    418915,     3,    False, False
2026-01-05,  122,     4,   False,    64,  79.200,    1848,     22682,     3,    False, False
2026-01-05,  123,     4,   False,   347, 541.200,   66192,    775506,     3,    False,  True
2026-01-05,  124,     4,   False,   367, 230.800,   40961,    532827,     3,    False, False
2026-01-05,  125,     4,   False,   244, 541.200,   29299,    376277,     3,    False,  True
2026-01-05,  126,     4,   False,    44,  38.200,     869,      9978,     3,    False, False
2026-01-05,  127,     4,   False,   187, 243.700,   28048,    343742,     3,    False, False
2026-01-05,  128,     4,   False,   131, 160.000,   18521,    220670,     3,    False, False
2026-01-05,  129,     4,   False,   534, 541.200,  121515,   1557216,     3,    False,  True
2026-01-05,  130,     4,   False,    67,  77.200,    1139,     13648,     3,    False, False
2026-01-05,  131,     4,   False,   154, 108.900,    7377,     91374,     3,    False, False
2026-01-05,  132,     4,   False,   101, 112.000,    2724,     33596,     3,    False, False
2026-01-05,  133,     4,   False,    85, 112.400,    4506,     50322,     3,    False, False
2026-01-05,  134,     4,   False,    89,  97.200,    2599,     31484,     3,    False, False
2026-01-05,  135,     4,   False,   121, 172.200,    7872,     98611,     3,    False, False
2026-01-05,  136,     4,   False,   243, 124.700,   39103,    498811,     3,    False, False
2026-01-05,  137,     4,   False,    59,  74.900,    2728,     31010,     3,    False, False
2026-01-05,  138,     4,   False,   151, 206.300,    6634,     78015,     3,    False, False
2026-01-05,  139,     4,   False,   324, 164.000,   43411,    489343,     3,    False, False
2026-01-05,  140,     4,   False,   627, 191.500,  134832,   1718008,     3,    False, False
2026-01-05,  141,     4,   False,   105, 127.200,    5370,     62369,     3,    False, False
2026-01-05,  142,     4,   False,    75,  85.400,    1797,     22305,     3,    False, False
2026-01-05,  143,     4,   False,   364, 241.700,   47874,    635085,     3,    False, False
2026-01-05,  144,     4,   False,    83,  85.500,    4628,     56352,     3,    False, False
2026-01-05,  145,     4,   False,   858, 541.200,  122223,   1666926,     3,    False,  True
2026-01-05,  146,     4,   False,    53,  70.700,    1040,     12653,     3,    False, False
2026-01-05,  147,     4,   False,  1410, 541.200,  335649,   4860646,     3,    False,  True
2026-01-05,  148,     4,   False,    64,  59.600,    2101,     24709,     3,    False, False
2026-01-05,  149,     4,   False,   161, 207.900,   24574,    304912,     3,    False, False
2026-01-05,  150,     4,   False,    96, 140.200,    3375,     40274,     3,    False, False
2026-01-05,  151,     4,   False,    53,  47.800,     873,     10993,     3,    False, False
2026-01-05,  152,     4,   False,   178, 133.900,    7850,    103689,     3,    False, False
2026-01-05,  153,     4,   False,    94, 116.500,    3711,     42737,     3,    False, False
2026-01-05,  154,     4,   False,    87,  95.200,    4905,     59384,     3,    False, False
2026-01-05,  155,     4,   False,    66,  72.800,    2301,     27466,     3,    False, False
2026-01-05,  156,     4,   False,   317, 205.200,   35098,    460678,     3,    False, False
2026-01-05,  157,     4,   False,   302, 541.200,   36063,    464405,     3,    False,  True
2026-01-05,  158,     4,   False,   430, 194.300,   54647,    683520,     3,    False, False
2026-01-05,  159,     4,   False,    84, 102.000,    4131,     52169,     3,    False, False
2026-01-05,  160,     4,   False,   268, 135.300,   48077,    588787,     3,    False, False
2026-01-05,  161,     4,   False,    86,  43.900,    3461,     40687,     3,    False, False
2026-01-05,  162,     4,   False,   574, 541.200,  127930,   1649762,     3,    False,  True
2026-01-05,  163,     4,   False,   179, 133.200,   34206,    384884,     3,    False, False
2026-01-05,  164,     4,   False,   115, 105.000,    5360,     63974,     3,    False, False
2026-01-05,  165,     4,   False,   129, 202.200,   18063,    209913,     3,    False, False
2026-01-05,  166,     4,   False,   161, 110.600,   15950,    198684,     3,    False, False
2026-01-05,  167,     4,   False,    73,  90.700,    2122,     24981,     3,    False, False
2026-01-05,  168,     4,   False,    48,  50.400,    1701,     21001,     3,    False, False
2026-01-05,  169,     4,   False,    82,  89.400,    5024,     59828,     3,    False, False
2026-01-05,  170,     4,   False,   105,  72.200,    3028,     36068,     3,    False, False
2026-01-05,  171,     4,   False,   172, 145.300,   14705,    194139,     3,    False, False
2026-01-05,  172,     4,   False,   174,  99.100,   13296,    155754,     3,    False, False
2026-01-05,  173,     4,   False,   204, 541.200,   21560,    273692,     3,    False,  True
2026-01-05,  174,     4,   False,   439, 541.200,   56498,    790501,     3,    False,  True
2026-01-05,  175,     4,   False,    75,  50.900,    1755,     19452,     3,    False, False
2026-01-05,  176,     4,   False,   115,  96.200,    5959,     67792,     3,    False, False
2026-01-05,  177,     4,   False,   114,  74.100,    8801,    115015,     3,    False, False
2026-01-05,  178,     4,   False,    84, 125.600,    8498,     98240,     3,    False, False
2026-01-05,  179,     4,   False,    84,  65.200,    2278,     27383,     3,    False, False
2026-01-05,  180,     4,   False,   189, 154.900,   19708,    228317,     3,    False, False
2026-01-05,  181,     4,   False,   108, 120.700,    6391,     73169,     3,    False, False
2026-01-05,  182,     4,   False,    58,  59.000,    1144,     15329,     3,    False, False
2026-01-05,  183,     4,   False,   137, 140.500,   11109,    139345,     3,    False, False
2026-01-05,  184,     4,   False,   136,  98.100,    7677,     94316,     3,    False, False
2026-01-05,  185,     4,   False,   116, 148.500,    6042,     69682,     3,    False, False
2026-01-05,  186,     4,   False,    87,  68.700,    4202,     51127,     3,    False, False
2026-01-05,  187,     4,   False,   136, 224.400,   14331,    172980,     3,    False, False
2026-01-05,  188,     4,   False,   123, 149.300,    8143,     93833,     3,    False, False
2026-01-05,  189,     4,   False,    56,  77.100,    2017,     23196,     3,    False, False
2026-01-05,  190,     4,   False,   234, 135.700,   16755,    208793,     3,    False, False
2026-01-05,  191,     4,   False,   430, 541.200,   52910,    707477,     3,    False,  True
2026-01-05,  192,     4,   False,   242, 149.900,   36729,    437178,     3,    False, False
2026-01-05,  193,     4,   False,    86,  73.000,    3300,     39009,     3,    False, False
2026-01-05,  194,     4,   False,   140, 193.300,   28487,    328229,     3,    False, False
2026-01-05,  195,     4,   False,   325, 146.900,   46584,    549679,     3,    False, False
2026-01-05,  196,     4,   False,     1,   6.000,       2,        24,     3,    False, False
2026-01-05,  197,     4,   False,    91,  97.100,    6131,     78692,     3,    False, False
2026-01-05,  198,     4,   False,   185, 121.900,   10839,    137072,     3,    False, False
2026-01-05,  199,     4,   False,    60,  73.300,    1174,     14094,     3,    False, False
2026-01-05,  200,     4,   False,   157, 112.200,   18552,    215610,     3,    False, False
2026-01-05,  201,     4,   False,    96, 124.400,    4536,     56704,     3,    False, False
2026-01-05,  202,     4,   False,    86,  87.200,    2850,     34948,     3,    False, False
2026-01-05,  203,     4,   False,    74,  81.300,    4579,     57667,     3,    False, False
2026-01-05,  204,     4,   False,   183, 206.200,   19525,    245628,     3,    False, False
2026-01-05,  205,     4,   False,   174, 133.300,   18164,    231642,     3,    False, False
2026-01-05,  206,     4,   False,    93,  93.800,    4748,     58336,     3,    False, False
2026-01-05,  207,     4,   False,   130, 140.400,   10757,    129111,     3,    False, False
2026-01-05,  208,     4,   False,  1236, 166.900,  249833,   3679757,     3,    False, False
2026-01-05,  209,     4,   False,   313, 541.200,   52962,    643418,     3,    False,  True
2026-01-05,  210,     4,   False,    77,  68.000,    4300,     47790,     3,    False, False
2026-01-05,  211,     4,   False,   349, 541.200,   53462,    714669,     3,    False,  True
2026-01-05,  212,     4,   False,    73,  89.400,    2231,     25173,     3,    False, False
2026-01-05,  213,     4,   False,    99, 106.900,    5652,     63531,     3,    False, False
2026-01-05,  214,     4,   False,   373, 541.200,   47286,    640155,     3,    False,  True
2026-01-05,  215,     4,   False,    57,  48.500,    2152,     26846,     3,    False, False
2026-01-05,  216,     4,   False,   162, 162.000,   13858,    171354,     3,    False, False
2026-01-05,  217,     4,   False,    55,  42.900,    1446,     17383,     3,    False, False
2026-01-05,  218,     4,   False,   103,  86.000,    3619,     46944,     3,    False, False
2026-01-05,  219,     4,   False,   111, 158.600,   11701,    134353,     3,    False, False
2026-01-05,  220,     4,   False,   197, 153.800,   12610,    171276,     3,    False, False
2026-01-05,  221,     4,   False,    57,  75.300,    1655,     19792,     3,    False, False
2026-01-05,  222,     4,   False,    74,  86.000,    1528,     20239,     3,    False, False
2026-01-05,  223,     4,   False,   176, 132.800,   21811,    281209,     3,    False, False
2026-01-05,  224,     4,   False,   187, 220.200,   14298,    186904,     3,    False, False
2026-01-05,  225,     4,   False,   148,  82.900,    9719,    131685,     3,    False, False
2026-01-05,  226,     4,   False,   189, 148.800,   25346,    321352,     3,    False, False
2026-01-05,  227,     4,   False,   168, 116.900,   12764,    166611,     3,    False, False
2026-01-05,  228,     4,   False,    89,  72.700,    1904,     22795,     3,    False, False
2026-01-05,  229,     4,   False,    63, 100.900,    1785,     21230,     3,    False, False
2026-01-05,  230,     4,   False,   181, 160.200,   21057,    264539,     3,    False, False
2026-01-05,  231,     4,   False,    62,  73.100,    1165,     14209,     3,    False, False
2026-01-05,  232,     4,   False,   461, 541.200,   75192,    973300,     3,    False,  True
2026-01-05,  233,     4,   False,    82, 125.000,    2881,     31028,     3,    False, False
2026-01-05,  234,     4,   False,    90,  85.500,    2887,     34302,     3,    False, False
2026-01-05,  235,     4,   False,    86,  80.400,    6319,     71943,     3,    False, False
2026-01-05,  236,     4,   False,   113, 121.000,    9302,    111658,     3,    False, False
2026-01-05,  237,     4,   False,    80,  73.600,    1682,     20843,     3,    False, False
2026-01-05,  238,     4,   False,    52,  50.800,    1023,     12372,     3,    False, False
2026-01-05,  239,     4,   False,    99,  80.900,    3248,     39906,     3,    False, False
2026-01-05,  240,     4,   False,   291, 541.200,   41024,    567509,     3,    False,  True
2026-01-05,  241,     4,   False,   549, 541.200,  100094,   1337324,     3,    False,  True
2026-01-05,  242,     4,   False,   100, 128.600,    6496,     74574,     3,    False, False
2026-01-05,  243,     4,   False,    68,  78.400,    1607,     18563,     3,    False, False
2026-01-05,  244,     4,   False,    80,  81.900,    2566,     33577,     3,    False, False
2026-01-05,  245,     4,   False,   518, 541.200,   69378,    931686,     3,    False,  True
2026-01-05,  246,     4,   False,   205, 158.900,   27973,    325865,     3,    False, False
2026-01-05,  247,     4,   False,   173, 131.600,    9606,    114171,     3,    False, False
2026-01-05,  248,     4,   False,   101,  63.700,    4484,     59998,     3,    False, False
2026-01-05,  249,     4,   False,   144, 116.900,    6865,     91635,     3,    False, False
2026-01-05,  250,     4,   False,   293, 214.700,   32663,    429826,     3,    False, False
2026-01-05,  251,     4,   False,    82, 108.800,    4481,     50469,     3,    False, False
2026-01-05,  252,     4,   False,  1251, 541.200,  332295,   4632601,     3,    False,  True
2026-01-05,  253,     4,   False,   369, 541.200,   35925,    482730,     3,    False,  True
2026-01-05,  254,     4,   False,    83, 103.300,    1834,     23544,     3,    False, False
2026-01-05,  255,     4,   False,   253, 541.200,   36288,    469607,     3,    False,  True
2026-01-05,  256,     4,   False,   117, 114.600,    6794,     76616,     3,    False, False
2026-01-05,  257,     4,   False,   128, 125.800,    5552,     67851,     3,    False, False
2026-01-05,  258,     4,   False,    80,  94.200,    3396,     47802,     3,    False, False
2026-01-05,  259,     4,   False,   115,  90.400,    8972,    115624,     3,    False, False
2026-01-05,  260,     4,   False,   108, 121.100,   12958,    144658,     3,    False, False
2026-01-05,  261,     4,   False,   211, 259.500,   28721,    358980,     3,    False, False
2026-01-05,  262,     4,   False,    64,  59.400,    1614,     18874,     3,    False, False
2026-01-05,  263,     4,   False,   125, 155.500,   17574,    204526,     3,    False, False
2026-01-05,  264,     4,   False,   234,  77.500,   15924,    202331,     3,    False, False
2026-01-05,  265,     4,   False,    93, 101.800,    2528,     29941,     3,    False, False
2026-01-05,  266,     4,   False,    83, 103.000,    2996,     37603,     3,    False, False
2026-01-05,  267,     4,   False,   185, 170.300,   25629,    330836,     3,    False, False
2026-01-05,  268,     4,   False,   101,  89.000,    6465,     79511,     3,    False, False
2026-01-05,  269,     4,   False,   253, 178.500,   19097,    257857,     3,    False, False
2026-01-05,  270,     4,   False,    61,  54.800,    1294,     15844,     3,    False, False
2026-01-05,  271,     4,   False,   407, 160.700,   59938,    742388,     3,    False, False
2026-01-05,  272,     4,   False,   599, 541.200,  106369,   1372255,     3,    False,  True
2026-01-05,  273,     4,   False,   352, 219.800,   29640,    380765,     3,    False, False
2026-01-05,  274,     4,   False,   364, 541.200,   37968,    516660,     3,    False,  True
2026-01-05,  275,     4,   False,    42,  37.600,    1256,     14807,     3,    False, False
2026-01-05,  276,     4,   False,   134, 100.000,    4879,     57160,     3,    False, False
2026-01-05,  277,     4,   False,   147,  79.200,   11507,    150530,     3,    False, False
2026-01-05,  278,     4,   False,   200, 288.400,   33543,    393049,     3,    False, False
2026-01-05,  279,     4,   False,   110,  87.800,    8302,    104339,     3,    False, False
2026-01-05,  280,     4,   False,    82,  97.300,    5452,     62850,     3,    False, False
2026-01-05,  281,     4,   False,   169, 188.100,   13226,    164048,     3,    False, False
2026-01-05,  282,     4,   False,    68,  84.200,    3113,     34619,     3,    False, False
2026-01-05,  283,     4,   False,    80,  96.500,    3850,     45573,     3,    False, False
2026-01-05,  284,     4,   False,    84,  60.000,    2840,     33620,     3,    False, False
2026-01-05,  285,     4,   False,   365, 541.200,   43926,    588195,     3,    False,  True
2026-01-05,  286,     4,   False,   123, 103.500,    4925,     60372,     3,    False, False
2026-01-05,  287,     4,   False,   260, 262.200,   32341,    414629,     3,    False, False
2026-01-05,  288,     4,   False,    57,  49.700,     906,     10889,     3,    False, False
2026-01-05,  289,     4,   False,    64,  56.400,    1510,     18815,     3,    False, False
2026-01-05,  290,     4,   False,    96,  43.900,    2116,     27763,     3,    False, False
2026-01-05,  291,     4,   False,   218, 152.100,   26092,    332928,     3,    False, False
2026-01-05,  292,     4,   False,   105, 137.100,    5642,     67841,     3,    False, False
2026-01-05,  293,     4,   False,    87,  89.800,    2440,     29573,     3,    False, False
2026-01-05,  294,     4,   False,   102, 128.600,   11881,    148973,     3,    False, False
2026-01-05,  295,     4,   False,   104, 155.900,    9312,    106564,     3,    False, False
2026-01-05,  296,     4,   False,   111, 103.700,    9846,    120650,     3,    False, False
2026-01-05,  297,     4,   False,    88,  90.500,    2486,     28290,     3,    False, False
2026-01-05,  298,     4,   False,   156, 127.500,   30604,    373450,     3,    False, False
2026-01-05,  299,     4,   False,   562, 293.700,   85433,   1155552,     3,    False, False
2026-01-05,  100,     4,   False,   187, 144.200,   72255,   1121433,     4,    False, False
2026-01-05,  101,     4,   False,   831, 541.200,  400136,   6605376,     4,    False,  True
2026-01-05,  102,     4,   False,    86,  84.000,    8774,    124707,     4,    False, False
2026-01-05,  103,     4,   False,  1238, 237.400, 1232917,  22910908,     4,    False, False
2026-01-05,  104,     4,   False,   848, 541.200,  536461,   9171675,     4,    False,  True
2026-01-05,  105,     4,   False,   126, 115.600,   23865,    377858,     4,    False, False
2026-01-05,  106,     4,   False,   302, 130.300,   49358,    917047,     4,    False, False
2026-01-05,  107,     4,   False,   657, 541.200,  322500,   5036762,     4,    False,  True
2026-01-05,  108,     4,   False,    65,  77.500,    3056,     41132,     4,    False, False
2026-01-05,  109,     4,   False,   252,  92.600,   63759,   1235336,     4,    False, False
2026-01-05,  110,     4,   False,   159, 116.500,   22831,    361876,     4,    False, False
2026-01-05,  111,     4,   False,   111, 138.900,   17626,    269385,     4,    False, False
2026-01-05,  112,     4,   False,   466, 232.900,  165836,   2852400,     4,    False, False
2026-01-05,  113,     4,   False,   131, 117.600,   16648,    252325,     4,    False, False
2026-01-05,  114,     4,   False,   101, 149.700,   12607,    174876,     4,    False, False
2026-01-05,  115,     4,   False,   251, 189.400,   60903,   1049105,     4,    False, False
2026-01-05,  116,     4,   False,   133, 119.100,   14799,    243326,     4,    False, False
2026-01-05,  117,     4,   False,   410, 159.300,   67164,   1171948,     4,    False, False
2026-01-05,  118,     4,   False,   158, 108.600,   19297,    316541,     4,    False, False
2026-01-05,  119,     4,   False,   115, 117.900,   12142,    211175,     4,    False, False
2026-01-05,  120,     4,   False,   305, 140.100,  101064,   1499867,     4,    False, False
2026-01-05,  121,     4,   False,    94,  99.800,    6197,     95876,     4,    False, False
2026-01-05,  122,     4,   False,    73,  88.600,    5094,     76682,     4,    False, False
2026-01-05,  123,     4,   False,   376, 123.500,  152763,   2219383,     4,    False, False
2026-01-05,  124,     4,   False,   120,  82.600,   37121,    525426,     4,    False, False
2026-01-05,  125,     4,   False,   149, 150.600,   19318,    298627,     4,    False, False
2026-01-05,  126,     4,   False,    81,  57.400,    3565,     57057,     4,    False, False
2026-01-05,  127,     4,   False,   359, 135.800,  237559,   4024172,     4,    False, False
2026-01-05,  128,     4,   False,   193, 541.200,   39288,    655853,     4,    False,  True
2026-01-05,  129,     4,   False,   299, 541.200,  174137,   2472991,     4,    False,  True
2026-01-05,  130,     4,   False,    64,  87.600,    3744,     49006,     4,    False, False
2026-01-05,  131,     4,   False,   155, 128.000,   13445,    223203,     4,    False, False
2026-01-05,  132,     4,   False,   115, 119.700,   23534,    346972,     4,    False, False
2026-01-05,  133,     4,   False,    80,  98.100,   10030,    134367,     4,    False, False
2026-01-05,  134,     4,   False,    90, 106.600,    4535,     72367,     4,    False, False
2026-01-05,  135,     4,   False,    97, 133.600,   15298,    219188,     4,    False, False
2026-01-05,  136,     4,   False,   139,  96.100,   17279,    263091,     4,    False, False
2026-01-05,  137,     4,   False,    75,  65.000,    7851,    113033,     4,    False, False
2026-01-05,  138,     4,   False,   124, 207.600,   17394,    242040,     4,    False, False
2026-01-05,  139,     4,   False,   460, 541.200,  151369,   2403452,     4,    False,  True
2026-01-05,  140,     4,   False,   318, 123.000,   43155,    669998,     4,    False, False
2026-01-05,  141,     4,   False,   107, 123.400,    8884,    145517,     4,    False, False
2026-01-05,  142,     4,   False,   244, 541.200,   61044,    920367,     4,    False,  True
2026-01-05,  143,     4,   False,   487, 541.200,  146971,   2453918,     4,    False,  True
2026-01-05,  144,     4,   False,    81,  85.500,   11217,    177399,     4,    False, False
2026-01-05,  145,     4,   False,   414, 541.200,  144195,   2467601,     4,    False,  True
2026-01-05,  146,     4,   False,    54,  71.800,    1460,     22833,     4,    False, False
2026-01-05,  147,     4,   False,  3001, 541.200, 3130463,  67913993,     4,    False,  True
2026-01-05,  148,     4,   False,   110, 109.900,   28531,    444237,     4,    False, False
2026-01-05,  149,     4,   False,   441, 207.100,  256367,   4364592,     4,    False, False
2026-01-05,  150,     4,   False,   176, 211.400,   86166,   1257680,     4,    False, False
2026-01-05,  151,     4,   False,   129, 116.200,   17278,    251685,     4,    False, False
2026-01-05,  152,     4,   False,   134, 111.000,    4179,     69353,     4,    False, False
2026-01-05,  153,     4,   False,   132, 156.700,   18956,    305491,     4,    False, False
2026-01-05,  154,     4,   False,    74,  74.900,    4936,     69219,     4,    False, False
2026-01-05,  155,     4,   False,    64,  85.500,    1733,     26867,     4,    False, False
2026-01-05,  156,     4,   False,   471, 541.200,  170263,   2815599,     4,    False,  True
2026-01-05,  157,     4,   False,   288, 541.200,  100400,   1552000,     4,    False,  True
2026-01-05,  158,     4,   False,   376, 541.200,   83350,   1388046,     4,    False,  True
2026-01-05,  159,     4,   False,    71,  81.800,    4283,     63633,     4,    False, False
2026-01-05,  160,     4,   False,   342, 142.800,  204038,   3432035,     4,    False, False
2026-01-05,  161,     4,   False,    89,  56.200,    6246,     94555,     4,    False, False
2026-01-05,  162,     4,   False,    61,  83.300,    3147,     53293,     4,    False, False
2026-01-05,  163,     4,   False,   155, 141.600,   50598,    718785,     4,    False, False
2026-01-05,  164,     4,   False,    96,  90.900,    3837,     62181,     4,    False, False
2026-01-05,  165,     4,   False,   126, 190.300,   27400,    382300,     4,    False, False
2026-01-05,  166,     4,   False,   100,  96.400,   13792,    200612,     4,    False, False
2026-01-05,  167,     4,   False,    95, 107.200,    4139,     67579,     4,    False, False
2026-01-05,  168,     4,   False,    43,  35.900,    1096,     18880,     4,    False, False
2026-01-05,  169,     4,   False,   119, 100.100,   11185,    182559,     4,    False, False
2026-01-05,  170,     4,   False,   104,  72.200,    5490,     85632,     4,    False, False
2026-01-05,  171,     4,   False,   397, 156.700,  209683,   3626749,     4,    False, False
2026-01-05,  172,     4,   False,    98, 153.700,    8265,    132949,     4,    False, False
2026-01-05,  173,     4,   False,   205, 162.500,   60025,    914920,     4,    False, False
2026-01-05,  174,     4,   False,   221, 211.600,   26952,    456453,     4,    False, False
2026-01-05,  175,     4,   False,   194, 128.000,   30798,    498657,     4,    False, False
2026-01-05,  176,     4,   False,    97, 103.200,   13316,    195682,     4,    False, False
2026-01-05,  177,     4,   False,    91, 106.700,    9118,    134418,     4,    False, False
2026-01-05,  178,     4,   False,    86, 125.600,   20952,    318261,     4,    False, False
2026-01-05,  179,     4,   False,    89,  73.400,    4203,     63452,     4,    False, False
2026-01-05,  180,     4,   False,    71,  73.600,    5715,     86202,     4,    False, False
2026-01-05,  181,     4,   False,   179,  82.100,   20894,    308681,     4,    False, False
2026-01-05,  182,     4,   False,   175, 122.900,   43176,    686253,     4,    False, False
2026-01-05,  183,     4,   False,   317, 141.800,   77884,   1277587,     4,    False, False
2026-01-05,  184,     4,   False,   126,  94.000,   16804,    273136,     4,    False, False
2026-01-05,  185,     4,   False,   133, 149.000,   22285,    323362,     4,    False, False
2026-01-05,  186,     4,   False,   117,  96.300,   13635,    187120,     4,    False, False
2026-01-05,  187,     4,   False,   110, 142.300,   46667,    662455,     4,    False, False
2026-01-05,  188,     4,   False,   400, 161.800,   83218,   1376041,     4,    False, False
2026-01-05,  189,     4,   False,    61,  78.400,    3153,     47627,     4,    False, False
2026-01-05,  190,     4,   False,    79,  85.700,    8333,    118618,     4,    False, False
2026-01-05,  191,     4,   False,   304, 541.200,  167171,   2692929,     4,    False,  True
2026-01-05,  192,     4,   False,    82,  65.900,    5419,     73092,     4,    False, False
2026-01-05,  193,     4,   False,    61,  51.200,    2772,     42555,     4,    False, False
2026-01-05,  194,     4,   False,   402, 541.200,  303656,   5047620,     4,    False,  True
2026-01-05,  195,     4,   False,   127, 141.800,   14898,    222574,     4,    False, False
2026-01-05,  196,     4,   False,     1,   6.000,       2,        25,     4,    False, False
2026-01-05,  197,     4,   False,    87, 103.900,    8330,    138428,     4,    False, False
2026-01-05,  198,     4,   False,   146, 189.000,   19718,    325128,     4,    False, False
2026-01-05,  199,     4,   False,    69,  82.300,    6427,     94962,     4,    False, False
2026-01-05,  200,     4,   False,   453, 128.000,  134386,   2255248,     4,    False, False
2026-01-05,  201,     4,   False,   153, 130.900,   17641,    287840,     4,    False, False
2026-01-05,  202,     4,   False,   108,  93.500,   10972,    167603,     4,    False, False
2026-01-05,  203,     4,   False,   350, 117.500,  181409,   3244213,     4,    False, False
2026-01-05,  204,     4,   False,   162, 175.000,   34014,    523712,     4,    False, False
2026-01-05,  205,     4,   False,   171, 150.700,   65942,    918160,     4,    False, False
2026-01-05,  206,     4,   False,   104,  93.800,   10510,    173966,     4,    False, False
2026-01-05,  207,     4,   False,    74,  97.000,    3529,     53327,     4,    False, False
2026-01-05,  208,     4,   False,    67,  59.700,    4574,     69259,     4,    False, False
2026-01-05,  209,     4,   False,   140, 172.200,   41489,    607885,     4,    False, False
2026-01-05,  210,     4,   False,    87,  83.400,    9972,    143208,     4,    False, False
2026-01-05,  211,     4,   False,   329, 541.200,  108096,   1753565,     4,    False,  True
2026-01-05,  212,     4,   False,   183, 170.300,   26427,    398206,     4,    False, False
2026-01-05,  213,     4,   False,   320, 541.200,   80377,   1378734,     4,    False,  True
2026-01-05,  214,     4,   False,   569, 541.200,  225499,   3922999,     4,    False,  True
2026-01-05,  215,     4,   False,    82,  77.100,    6744,     99134,     4,    False, False
2026-01-05,  216,     4,   False,    76,  98.300,    2590,     43805,     4,    False, False
2026-01-05,  217,     4,   False,   106,  63.500,    9724,    177632,     4,    False, False
2026-01-05,  218,     4,   False,    69,  67.500,    2119,     32604,     4,    False, False
2026-01-05,  219,     4,   False,   102, 112.900,   15213,    221812,     4,    False, False
2026-01-05,  220,     4,   False,   329, 192.500,  124305,   2016364,     4,    False, False
2026-01-05,  221,     4,   False,    57,  75.300,    3133,     49163,     4,    False, False
2026-01-05,  222,     4,   False,    83,  93.500,    2978,     48764,     4,    False, False
2026-01-05,  223,     4,   False,   453, 115.200,  258064,   4390124,     4,    False, False
2026-01-05,  224,     4,   False,   104,  97.400,    8475,    110838,     4,    False, False
2026-01-05,  225,     4,   False,    82,  69.100,    3221,     50451,     4,    False, False
2026-01-05,  226,     4,   False,   189, 126.100,   31556,    515957,     4,    False, False
2026-01-05,  227,     4,   False,   450, 176.100,  428702,   7132696,     4,    False, False
2026-01-05,  228,     4,   False,   118, 117.000,    8422,    130484,     4,    False, False
2026-01-05,  229,     4,   False,   171, 166.800,   27103,    391079,     4,    False, False
2026-01-05,  230,     4,   False,   157, 138.500,   22892,    371057,     4,    False, False
2026-01-05,  231,     4,   False,    74,  94.000,    3178,     50331,     4,    False, False
2026-01-05,  232,     4,   False,   283, 187.300,   73244,   1145325,     4,    False, False
2026-01-05,  233,     4,   False,    84, 110.900,    8049,    122167,     4,    False, False
2026-01-05,  234,     4,   False,   313, 541.200,  137217,   2143977,     4,    False,  True
2026-01-05,  235,     4,   False,   129,  97.300,    9118,    139919,     4,    False, False
2026-01-05,  236,     4,   False,   142, 140.600,   24848,    385671,     4,    False, False
2026-01-05,  237,     4,   False,   124,  85.700,    9564,    147852,     4,    False, False
2026-01-05,  238,     4,   False,    81,  90.600,    5797,     84525,     4,    False, False
2026-01-05,  239,     4,   False,   143, 116.800,   15222,    234137,     4,    False, False
2026-01-05,  240,     4,   False,   274, 541.200,   79570,   1329529,     4,    False,  True
2026-01-05,  241,     4,   False,   411, 218.800,  230555,   3608294,     4,    False, False
2026-01-05,  242,     4,   False,    83, 120.200,    6370,     99419,     4,    False, False
2026-01-05,  243,     4,   False,   130, 169.200,   33574,    474530,     4,    False, False
2026-01-05,  244,     4,   False,   155, 146.800,   31337,    456883,     4,    False, False
2026-01-05,  245,     4,   False,   660, 541.200,  227755,   4133574,     4,    False,  True
2026-01-05,  246,     4,   False,   298, 106.100,   98554,   1475918,     4,    False, False
2026-01-05,  247,     4,   False,   347, 198.500,   91106,   1583914,     4,    False, False
2026-01-05,  248,     4,   False,   116,  65.000,   10443,    191676,     4,    False, False
2026-01-05,  249,     4,   False,   188, 193.000,   49249,    820643,     4,    False, False
2026-01-05,  250,     4,   False,   217, 134.700,   28159,    481547,     4,    False, False
2026-01-05,  251,     4,   False,    67,  89.300,    5939,     88841,     4,    False, False
2026-01-05,  252,     4,   False,   280, 258.000,   87770,   1284761,     4,    False, False
2026-01-05,  253,     4,   False,   598, 541.200,  160532,   2836873,     4,    False,  True
2026-01-05,  254,     4,   False,    74,  83.700,    2380,     41234,     4,    False, False
2026-01-05,  255,     4,   False,   115, 118.500,   12229,    184503,     4,    False, False
2026-01-05,  256,     4,   False,   188, 143.300,   45443,    660755,     4,    False, False
2026-01-05,  257,     4,   False,   104, 130.600,    8200,    122513,     4,    False, False
2026-01-05,  258,     4,   False,    73,  97.200,    4295,     67812,     4,    False, False
2026-01-05,  259,     4,   False,   287, 541.200,   73861,   1205234,     4,    False,  True
2026-01-05,  260,     4,   False,   138, 196.500,   36652,    510481,     4,    False, False
2026-01-05,  261,     4,   False,   242, 541.200,  146457,   2336122,     4,    False,  True
2026-01-05,  262,     4,   False,    62,  59.200,    4562,     67310,     4,    False, False
2026-01-05,  263,     4,   False,   150, 204.200,   43563,    593638,     4,    False, False
2026-01-05,  264,     4,   False,   911, 141.100,  559479,   9932500,     4,    False, False
2026-01-05,  265,     4,   False,    85, 108.800,    5177,     76291,     4,    False, False
2026-01-05,  266,     4,   False,   123, 106.600,   20168,    308535,     4,    False, False
2026-01-05,  267,     4,   False,   165, 166.500,   50347,    748272,     4,    False, False
2026-01-05,  268,     4,   False,   130, 112.700,   32175,    491458,     4,    False, False
2026-01-05,  269,     4,   False,   159, 123.300,   16598,    269498,     4,    False, False
2026-01-05,  270,     4,   False,    61,  54.800,    2472,     38948,     4,    False, False
2026-01-05,  271,     4,   False,   237, 117.300,   44235,    720459,     4,    False, False
2026-01-05,  272,     4,   False,   296, 541.200,   66342,   1039495,     4,    False,  True
2026-01-05,  273,     4,   False,    97, 103.100,    3296,     53349,     4,    False, False
2026-01-05,  274,     4,   False,   376, 541.200,  103975,   1709823,     4,    False,  True
2026-01-05,  275,     4,   False,    67,  79.000,    6529,    100197,     4,    False, False
2026-01-05,  276,     4,   False,   180, 119.600,   47836,    657174,     4,    False, False
2026-01-05,  277,     4,   False,    72,  63.700,    4895,     72632,     4,    False, False
2026-01-05,  278,     4,   False,   378, 541.200,  130252,   1958629,     4,    False,  True
2026-01-05,  279,     4,   False,    53,  57.500,    2186,     33583,     4,    False, False
2026-01-05,  280,     4,   False,   197, 134.100,   35465,    535657,     4,    False, False
2026-01-05,  281,     4,   False,   645, 541.200,  342706,   5818634,     4,    False,  True
2026-01-05,  282,     4,   False,    98,  96.000,   11790,    176128,     4,    False, False
2026-01-05,  283,     4,   False,   272, 274.900,   52658,    832699,     4,    False, False
2026-01-05,  284,     4,   False,    79,  85.800,   11174,    160121,     4,    False, False
2026-01-05,  285,     4,   False,   422, 174.600,  149831,   2516316,     4,    False, False
2026-01-05,  286,     4,   False,   155,  97.200,   11968,    200157,     4,    False, False
2026-01-05,  287,     4,   False,   300, 541.200,   86637,   1327445,     4,    False,  True
2026-01-05,  288,     4,   False,    85,  60.400,    3862,     61462,     4,    False, False
2026-01-05,  289,     4,   False,   103,  67.300,    5509,     92299,     4,    False, False
2026-01-05,  290,     4,   False,    44,  39.600,    1426,     21910,     4,    False, False
2026-01-05,  291,     4,   False,   355, 541.200,  221590,   3441180,     4,    False,  True
2026-01-05,  292,     4,   False,   322, 209.300,   93628,   1524717,     4,    False, False
2026-01-05,  293,     4,   False,    91, 128.000,    4168,     61829,     4,    False, False
2026-01-05,  294,     4,   False,    91, 114.000,   14393,    241999,     4,    False, False
2026-01-05,  295,     4,   False,   139, 148.600,   27428,    406984,     4,    False, False
2026-01-05,  296,     4,   False,   112, 129.000,    9702,    145767,     4,    False, False
2026-01-05,  297,     4,   False,   141, 151.100,   23895,    352083,     4,    False, False
2026-01-05,  298,     4,   False,   235, 171.200,  112929,   1778686,     4,    False, False
2026-01-05,  299,     4,   False,   654, 255.800,  416356,   7017571,     4,    False, False
2026-01-05,  100,     4,   False,    67,  77.800,    3382,     70226,     5,    False, False
2026-01-05,  101,     4,   False,   623, 145.700,  609279,  13476436,     5,    False, False
2026-01-05,  102,     4,   False,    91, 105.300,   11987,    204422,     5,    False, False
2026-01-05,  103,     4,   False,   336, 184.300,  130276,   2343774,     5,    False, False
2026-01-05,  104,     4,   False,   376, 197.900,  133162,   2508653,     5,    False, False
2026-01-05,  105,     4,   False,   712, 222.800, 1325665,  28463290,     5,    False, False
2026-01-05,  106,     4,   False,   421, 541.200,  273710,   5401600,     5,    False,  True
2026-01-05,  107,     4,   False,  1052, 541.200, 1857665,  38757984,     5,    False,  True
2026-01-05,  108,     4,   False,   111, 118.400,   44860,    721991,     5,    False, False
2026-01-05,  109,     4,   False,   167,  92.300,   38721,    884228,     5,    False, False
2026-01-05,  110,     4,   False,   578, 193.000,  368703,   8000031,     5,    False, False
2026-01-05,  111,     4,   False,   170, 126.700,  129176,   2232917,     5,    False, False
2026-01-05,  112,     4,   False,   290, 166.800,   35120,    815451,     5,    False, False
2026-01-05,  113,     4,   False,   115, 118.900,   45956,    809829,     5,    False, False
2026-01-05,  114,     4,   False,  3589, 182.000, 7529857, 301099536,     5,     True, False
2026-01-05,  115,     4,   False,   361, 163.000,  304507,   6142957,     5,    False, False
2026-01-05,  116,     4,   False,    70, 103.500,    5081,     95457,     5,    False, False
2026-01-05,  117,     4,   False,   739, 541.200,  279652,   6036953,     5,    False,  True
2026-01-05,  118,     4,   False,   237, 126.100,  186554,   3428626,     5,    False, False
2026-01-05,  119,     4,   False,   175, 118.500,   36163,    749657,     5,    False, False
2026-01-05,  120,     4,   False,   297, 176.600,  187974,   3500742,     5,    False, False
2026-01-05,  121,     4,   False,   277, 541.200,  117509,   2363572,     5,    False,  True
2026-01-05,  122,     4,   False,    75,  89.100,    5382,    113673,     5,    False, False
2026-01-05,  123,     4,   False,   109,  84.500,   66166,   1203749,     5,    False, False
2026-01-05,  124,     4,   False,   157,  82.200,   56262,   1003729,     5,    False, False
2026-01-05,  125,     4,   False,    92, 120.600,   78473,   1317779,     5,    False, False
2026-01-05,  126,     4,   False,    72,  69.500,    7805,    153199,     5,    False, False
2026-01-05,  127,     4,   False,   253, 148.000,  126349,   2796936,     5,    False, False
2026-01-05,  128,     4,   False,   274, 541.200,  366176,   6810446,     5,    False,  True
2026-01-05,  129,     4,   False,   307, 541.200,  275912,   5194468,     5,    False,  True
2026-01-05,  130,     4,   False,    61,  86.500,    5572,     97114,     5,    False, False
2026-01-05,  131,     4,   False,   161, 125.100,   25286,    527081,     5,    False, False
2026-01-05,  132,     4,   False,   443, 541.200,  214751,   4381380,     5,    False,  True
2026-01-05,  133,     4,   False,  1405, 541.200, 1138091,  27748140,     5,    False,  True
2026-01-05,  134,     4,   False,    82, 120.000,    6568,    130812,     5,    False, False
2026-01-05,  135,     4,   False,   163, 207.200,   31211,    561877,     5,    False, False
2026-01-05,  136,     4,   False,   645, 125.000,  365906,   7687951,     5,    False, False
2026-01-05,  137,     4,   False,    77,  58.100,   14317,    257807,     5,    False, False
2026-01-05,  138,     4,   False,   514, 541.200,  405819,   7792817,     5,    False,  True
2026-01-05,  139,     4,   False,   445, 541.200,  205093,   3914744,     5,    False,  True
2026-01-05,  140,     4,   False,    76,  70.500,    6671,    126984,     5,    False, False
2026-01-05,  141,     4,   False,   111, 136.400,   13379,    272497,     5,    False, False
2026-01-05,  142,     4,   False,    88,  91.900,    8926,    158049,     5,    False, False
2026-01-05,  143,     4,   False,   187, 178.500,   54694,    986872,     5,    False, False
2026-01-05,  144,     4,   False,    74,  90.900,   12657,    202365,     5,    False, False
2026-01-05,  145,     4,   False,  1524, 541.200, 1668177,  40606128,     5,    False,  True
2026-01-05,  146,     4,   False,    56,  71.800,    1974,     40195,     5,    False, False
2026-01-05,  147,     4,   False,  1798, 541.200, 2114464,  46254721,     5,    False,  True
2026-01-05,  148,     4,   False,    93,  96.200,   14569,    273473,     5,    False, False
2026-01-05,  149,     4,   False,   313, 228.500,  503797,   9330357,     5,    False, False
2026-01-05,  150,     4,   False,   126, 186.000,  163115,   2848591,     5,    False, False
2026-01-05,  151,     4,   False,   104,  89.600,   20874,    377469,     5,    False, False
2026-01-05,  152,     4,   False,   140, 111.000,    6423,    134299,     5,    False, False
2026-01-05,  153,     4,   False,   607, 182.300,  730931,  14591608,     5,    False, False
2026-01-05,  154,     4,   False,   911, 140.400,  928390,  22850448,     5,    False, False
2026-01-05,  155,     4,   False,    64,  88.700,    6584,     99160,     5,    False, False
2026-01-05,  156,     4,   False,   166, 169.100,   94510,   1581481,     5,    False, False
2026-01-05,  157,     4,   False,   345, 226.500,  116966,   2171840,     5,    False, False
2026-01-05,  158,     4,   False,   157, 148.600,  111980,   2024296,     5,    False, False
2026-01-05,  159,     4,   False,    79,  86.100,   17776,    284267,     5,    False, False
2026-01-05,  160,     4,   False,   162,  97.000,  109902,   1892745,     5,    False, False
2026-01-05,  161,     4,   False,    84,  54.500,   12085,    228683,     5,    False, False
2026-01-05,  162,     4,   False,   172, 110.800,   29696,    511496,     5,    False, False
2026-01-05,  163,     4,   False,   214, 149.000,  183194,   2864304,     5,    False, False
2026-01-05,  164,     4,   False,   409, 144.500,  126343,   2734166,     5,    False, False
2026-01-05,  165,     4,   False,    93, 137.100,   58171,    938625,     5,    False, False
2026-01-05,  166,     4,   False,   137, 105.000,   30123,    539391,     5,    False, False
2026-01-05,  167,     4,   False,    94, 107.200,    5269,    109178,     5,    False, False
2026-01-05,  168,     4,   False,    42,  39.700,    2324,     51156,     5,    False, False
2026-01-05,  169,     4,   False,    99, 108.400,   57033,   1004591,     5,    False, False
2026-01-05,  170,     4,   False,   110,  75.400,   10330,    197377,     5,    False, False
2026-01-05,  171,     4,   False,   100, 133.700,   36028,    713083,     5,    False, False
2026-01-05,  172,     4,   False,   186, 110.700,   34197,    811643,     5,    False, False
2026-01-05,  173,     4,   False,   351, 541.200,  243916,   4574071,     5,    False,  True
2026-01-05,  174,     4,   False,   477, 541.200,  280491,   6299057,     5,    False,  True
2026-01-05,  175,     4,   False,   161,  99.600,   50615,    912727,     5,    False, False
2026-01-05,  176,     4,   False,   125, 106.300,   18378,    314307,     5,    False, False
2026-01-05,  177,     4,   False,    97, 106.700,   15483,    288511,     5,    False, False
2026-01-05,  178,     4,   False,   165, 541.200,  140193,   2604204,     5,    False,  True
2026-01-05,  179,     4,   False,    87,  61.600,    7600,    136742,     5,    False, False
2026-01-05,  180,     4,   False,   163,  68.800,   17832,    320267,     5,    False, False
2026-01-05,  181,     4,   False,    60,  77.900,   28237,    431247,     5,    False, False
2026-01-05,  182,     4,   False,    73,  58.700,    7582,    142233,     5,    False, False
2026-01-05,  183,     4,   False,   155, 112.300,   70755,   1449021,     5,    False, False
2026-01-05,  184,     4,   False,    96,  74.600,    9337,    179659,     5,    False, False
2026-01-05,  185,     4,   False,   322, 541.200,  276943,   5491941,     5,    False,  True
2026-01-05,  186,     4,   False,   319, 131.200,   65104,   1401042,     5,    False, False
2026-01-05,  187,     4,   False,   127, 158.500,  113986,   1922250,     5,    False, False
2026-01-05,  188,     4,   False,   229, 263.900,  145262,   2392035,     5,    False, False
2026-01-05,  189,     4,   False,    60,  78.400,    4452,     82615,     5,    False, False
2026-01-05,  190,     4,   False,   109, 117.700,   18675,    378339,     5,    False, False
2026-01-05,  191,     4,   False,   454, 541.200,  210450,   4448303,     5,    False,  True
2026-01-05,  192,     4,   False,    88,  73.400,   11958,    200668,     5,    False, False
2026-01-05,  193,     4,   False,    67,  55.100,    6935,    133715,     5,    False, False
2026-01-05,  194,     4,   False,   224, 541.200,  131204,   2437340,     5,    False,  True
2026-01-05,  195,     4,   False,   125, 145.200,   29194,    598714,     5,    False, False
2026-01-05,  196,     4,   False,     1,   6.000,       2,        23,     5,    False, False
2026-01-05,  197,     4,   False,    94, 103.900,   16531,    326640,     5,    False, False
2026-01-05,  198,     4,   False,   143, 142.100,   55689,   1028557,     5,    False, False
2026-01-05,  199,     4,   False,    75,  82.200,   16690,    292253,     5,    False, False
2026-01-05,  200,     4,   False,   541, 128.600,  242405,   5341138,     5,    False, False
2026-01-05,  201,     4,   False,   164, 124.800,   27385,    548432,     5,    False, False
2026-01-05,  202,     4,   False,   154, 117.600,   64334,   1074781,     5,    False, False
2026-01-05,  203,     4,   False,   178, 102.600,   25804,    475363,     5,    False, False
2026-01-05,  204,     4,   False,    99, 108.000,   22672,    365788,     5,    False, False
2026-01-05,  205,     4,   False,   240, 165.100,  172554,   2956694,     5,    False, False
2026-01-05,  206,     4,   False,    89, 115.800,   17403,    346608,     5,    False, False
2026-01-05,  207,     4,   False,    78,  97.800,    5601,     98094,     5,    False, False
2026-01-05,  208,     4,   False,   731, 252.800,  613606,  13064449,     5,    False, False
2026-01-05,  209,     4,   False,  1325, 205.600, 1060025,  24866507,     5,    False, False
2026-01-05,  210,     4,   False,    95,  80.500,   24391,    456204,     5,    False, False
2026-01-05,  211,     4,   False,   337, 541.200,  278461,   5520268,     5,    False,  True
2026-01-05,  212,     4,   False,  1260, 541.200, 1258427,  33388124,     5,    False,  True
2026-01-05,  213,     4,   False,   795, 541.200, 1191459,  28168113,     5,    False,  True
2026-01-05,  214,     4,   False,   682, 541.200,  589872,  12839928,     5,    False,  True
2026-01-05,  215,     4,   False,    64,  70.100,   25912,    405193,     5,    False, False
2026-01-05,  216,     4,   False,   119, 130.400,   59111,   1003225,     5,    False, False
2026-01-05,  217,     4,   False,    63,  52.400,    4512,     87515,     5,    False, False
2026-01-05,  218,     4,   False,    59,  54.400,    3294,     63281,     5,    False, False
2026-01-05,  219,     4,   False,    92, 125.000,   31115,    570512,     5,    False, False
2026-01-05,  220,     4,   False,   185, 174.400,   49386,    876687,     5,    False, False
2026-01-05,  221,     4,   False,    57,  75.300,    5342,     99753,     5,    False, False
2026-01-05,  222,     4,   False,    76,  82.200,    4893,     96864,     5,    False, False
2026-01-05,  223,     4,   False,   835, 144.700,  716295,  16969612,     5,    False, False
2026-01-05,  224,     4,   False,    89,  96.900,   14187,    221743,     5,    False, False
2026-01-05,  225,     4,   False,   121,  81.600,   13762,    334301,     5,    False, False
2026-01-05,  226,     4,   False,   141, 112.800,   42463,    791921,     5,    False, False
2026-01-05,  227,     4,   False,   124, 109.500,   12074,    213092,     5,    False, False
2026-01-05,  228,     4,   False,   131, 141.000,   19549,    347565,     5,    False, False
2026-01-05,  229,     4,   False,   145, 167.900,   44818,    755689,     5,    False, False
2026-01-05,  230,     4,   False,   182, 162.800,   71644,   1378185,     5,    False, False
2026-01-05,  231,     4,   False,    88, 103.700,    5893,    118818,     5,    False, False
2026-01-05,  232,     4,   False,   263, 541.200,  135353,   2666295,     5,    False,  True
2026-01-05,  233,     4,   False,    77,  90.700,    7944,    150503,     5,    False, False
2026-01-05,  234,     4,   False,   161, 144.800,   31573,    638954,     5,    False, False
2026-01-05,  235,     4,   False,   126,  63.700,   20461,    402549,     5,    False, False
2026-01-05,  236,     4,   False,   192, 202.200,   59759,   1072579,     5,    False, False
2026-01-05,  237,     4,   False,    94,  81.800,   11723,    198173,     5,    False, False
2026-01-05,  238,     4,   False,   127,  93.900,   17669,    343836,     5,    False, False
2026-01-05,  239,     4,   False,    87,  75.500,   16750,    309903,     5,    False, False
2026-01-05,  240,     4,   False,   180, 164.800,   83286,   1509113,     5,    False, False
2026-01-05,  241,     4,   False,   585, 541.200,  304504,   6040718,     5,    False,  True
2026-01-05,  242,     4,   False,   275, 541.200,  154918,   3048930,     5,    False,  True
2026-01-05,  243,     4,   False,   122, 202.700,   38762,    657600,     5,    False, False
2026-01-05,  244,     4,   False,   203, 154.200,   54104,    909056,     5,    False, False
2026-01-05,  245,     4,   False,  1545, 541.200, 1166533,  32726442,     5,    False,  True
2026-01-05,  246,     4,   False,   400, 119.400,  240941,   4668433,     5,    False, False
2026-01-05,  247,     4,   False,   578, 200.500,  281671,   6121412,     5,    False, False
2026-01-05,  248,     4,   False,   103,  78.200,    9328,    195415,     5,    False, False
2026-01-05,  249,     4,   False,   134, 113.100,   13513,    270585,     5,    False, False
2026-01-05,  250,     4,   False,   154, 113.000,   32619,    627843,     5,    False, False
2026-01-05,  251,     4,   False,   104, 116.200,   53982,    908591,     5,    False, False
2026-01-05,  252,     4,   False,   472, 541.200,  463904,   8494656,     5,    False,  True
2026-01-05,  253,     4,   False,  1063, 541.200,  944836,  20286424,     5,    False,  True
2026-01-05,  254,     4,   False,    92, 128.900,    5667,    124008,     5,    False, False
2026-01-05,  255,     4,   False,   172, 137.500,   28966,    560576,     5,    False, False
2026-01-05,  256,     4,   False,   320, 541.200,  202158,   3751715,     5,    False,  True
2026-01-05,  257,     4,   False,   249, 144.900,  136805,   2456016,     5,    False, False
2026-01-05,  258,     4,   False,    76,  98.300,    8119,    173185,     5,    False, False
2026-01-05,  259,     4,   False,   235, 117.500,  124611,   2241684,     5,    False, False
2026-01-05,  260,     4,   False,   142, 128.600,   59154,   1009480,     5,    False, False
2026-01-05,  261,     4,   False,   224, 152.400,  230115,   3882947,     5,    False, False
2026-01-05,  262,     4,   False,    88,  52.700,   12771,    226048,     5,    False, False
2026-01-05,  263,     4,   False,   411, 541.200,  375466,   7773196,     5,    False,  True
2026-01-05,  264,     4,   False,  1188, 126.700, 1690239,  42994187,     5,    False, False
2026-01-05,  265,     4,   False,   136, 106.100,   25942,    502693,     5,    False, False
2026-01-05,  266,     4,   False,   157, 131.300,   53666,    931146,     5,    False, False
2026-01-05,  267,     4,   False,   139, 144.600,   12366,    231051,     5,    False, False
2026-01-05,  268,     4,   False,   121,  95.000,  159762,   2763184,     5,    False, False
2026-01-05,  269,     4,   False,   195, 139.000,   29075,    617436,     5,    False, False
2026-01-05,  270,     4,   False,    63,  54.800,    3980,     88788,     5,    False, False
2026-01-05,  271,     4,   False,   333, 141.900,  164884,   3232276,     5,    False, False
2026-01-05,  272,     4,   False,   418, 541.200,  440790,   8574977,     5,    False,  True
2026-01-05,  273,     4,   False,   116, 106.500,   10368,    193920,     5,    False, False
2026-01-05,  274,     4,   False,   312, 541.200,  266882,   5166544,     5,    False,  True
2026-01-05,  275,     4,   False,    99, 104.300,   17051,    295619,     5,    False, False
2026-01-05,  276,     4,   False,   131,  99.500,   22814,    385051,     5,    False, False
2026-01-05,  277,     4,   False,    74,  73.400,    9479,    165640,     5,    False, False
2026-01-05,  278,     4,   False,   237, 250.700,  242958,   3964414,     5,    False, False
2026-01-05,  279,     4,   False,   167, 120.000,   68152,   1245792,     5,    False, False
2026-01-05,  280,     4,   False,   219, 124.500,   64445,   1254124,     5,    False, False
2026-01-05,  281,     4,   False,   536, 541.200,  382568,   7572153,     5,    False,  True
2026-01-05,  282,     4,   False,   107,  96.400,   23253,    449112,     5,    False, False
2026-01-05,  283,     4,   False,    81, 119.500,    9576,    184747,     5,    False, False
2026-01-05,  284,     4,   False,   108,  55.800,   11851,    263121,     5,    False, False
2026-01-05,  285,     4,   False,   247, 541.200,  180413,   3719140,     5,    False,  True
2026-01-05,  286,     4,   False,   416, 541.200,  234103,   4541405,     5,    False,  True
2026-01-05,  287,     4,   False,  2809, 541.200, 4131744, 123085227,     5,    False,  True
2026-01-05,  288,     4,   False,    68,  59.900,    4486,     86702,     5,    False, False
2026-01-05,  289,     4,   False,    70,  60.600,    2949,     64208,     5,    False, False
2026-01-05,  290,     4,   False,    49,  35.400,    3296,     61497,     5,    False, False
2026-01-05,  291,     4,   False,   132, 117.900,  130640,   2257080,     5,    False, False
2026-01-05,  292,     4,   False,   447, 541.200,  218559,   4527868,     5,    False,  True
2026-01-05,  293,     4,   False,   146, 143.800,   52374,    962925,     5,    False, False
2026-01-05,  294,     4,   False,    71, 104.800,    7176,    140791,     5,    False, False
2026-01-05,  295,     4,   False,   227, 541.200,  125149,   2371004,     5,    False,  True
2026-01-05,  296,     4,   False,   140, 212.700,   58537,    988551,     5,    False, False
2026-01-05,  297,     4,   False,   104, 114.500,   19352,    318732,     5,    False, False
2026-01-05,  298,     4,   False,   101,  95.600,   52387,    819615,     5,    False, False
2026-01-05,  299,     4,   False,  1147, 541.200, 1304864,  30971748,     5,    False,  True
2026-01-05,  100,     4,   False,   137,  94.400,   24239,    515468,     6,    False, False
2026-01-05,  101,     4,   False,   804, 178.800, 1588488,  42323009,     6,    False, False
2026-01-05,  102,     4,   False,   150, 140.700,  183551,   3246658,     6,    False, False
2026-01-05,  103,     4,   False,   257, 541.200,  394513,   7814849,     6,    False,  True
2026-01-05,  104,     4,   False,   415, 240.600,  540840,  12815398,     6,    False, False
2026-01-05,  105,     4,   False,   689, 541.200, 2346847,  57496847,     6,    False,  True
2026-01-05,  106,     4,   False,   400, 541.200,  713447,  14244338,     6,    False,  True
2026-01-05,  107,     4,   False,  1064, 541.200, 4553806, 114973560,     6,    False,  True
2026-01-05,  108,     4,   False,    75,  74.500,   29127,    527805,     6,    False, False
2026-01-05,  109,     4,   False,   266,  91.000,   75105,   2209445,     6,    False, False
2026-01-05,  110,     4,   False,   103, 113.400,   11923,    291039,     6,    False, False
2026-01-05,  111,     4,   False,   126, 100.100,  209752,   4061419,     6,    False, False
2026-01-05,  112,     4,   False,   286, 150.400,   47644,   1410776,     6,    False, False
2026-01-05,  113,     4,   False,   130, 150.700,   39122,    736587,     6,    False, False
2026-01-05,  114,     4,   False,  1679, 180.700, 9621110, 301351458,     6,     True, False
2026-01-05,  115,     4,   False,   265, 171.800,  299117,   5558375,     6,    False, False
2026-01-05,  116,     4,   False,    75,  95.200,   10301,    226462,     6,    False, False
2026-01-05,  117,     4,   False,   291, 181.200,  323789,   6872769,     6,    False, False
2026-01-05,  118,     4,   False,   216, 151.000,  859521,  15712452,     6,    False, False
2026-01-05,  119,     4,   False,   270, 171.000,  332859,   7012487,     6,    False, False
2026-01-05,  120,     4,   False,   281, 188.700,  408913,   9049861,     6,    False, False
2026-01-05,  121,     4,   False,   267, 541.200,  356957,   7966552,     6,    False,  True
2026-01-05,  122,     4,   False,   108, 105.500,   67823,   1334063,     6,    False, False
2026-01-05,  123,     4,   False,    54,  78.200,   19004,    463139,     6,    False, False
2026-01-05,  124,     4,   False,   187,  89.300,  161032,   3386401,     6,    False, False
2026-01-05,  125,     4,   False,    94, 108.700,  208744,   3931673,     6,    False, False
2026-01-05,  126,     4,   False,    76,  71.000,   16486,    359291,     6,    False, False
2026-01-05,  127,     4,   False,   409, 209.700,  613476,  15950808,     6,    False, False
2026-01-05,  128,     4,   False,   369, 541.200, 1366245,  31290527,     6,    False,  True
2026-01-05,  129,     4,   False,   125, 152.000,  107143,   2322056,     6,    False, False
2026-01-05,  130,     4,   False,    64,  81.900,    7299,    151238,     6,    False, False
2026-01-05,  131,     4,   False,   195, 115.500,   37699,   1032822,     6,    False, False
2026-01-05,  132,     4,   False,   214, 158.800,  308834,   6019444,     6,    False, False
2026-01-05,  133,     4,   False,    77,  95.100,   67969,   1196083,     6,    False, False
2026-01-05,  134,     4,   False,    93, 118.700,    9332,    238762,     6,    False, False
2026-01-05,  135,     4,   False,   162, 186.600,   90581,   1830508,     6,    False, False
2026-01-05,  136,     4,   False,   166,  98.700,   48386,   1016978,     6,    False, False
2026-01-05,  137,     4,   False,    77,  58.100,   28906,    627914,     6,    False, False
2026-01-05,  138,     4,   False,   304, 541.200,  352069,   7493981,     6,    False,  True
2026-01-05,  139,     4,   False,  1083, 541.200, 2753675,  77991131,     6,    False,  True
2026-01-05,  140,     4,   False,    75,  70.500,   10156,    233274,     6,    False, False
2026-01-05,  141,     4,   False,   331, 170.700,  396281,   9659784,     6,    False, False
2026-01-05,  142,     4,   False,   273, 541.200,  378354,   7874267,     6,    False,  True
2026-01-05,  143,     4,   False,   246, 152.900,  189423,   3668757,     6,    False, False
2026-01-05,  144,     4,   False,    78,  92.000,   26009,    483036,     6,    False, False
2026-01-05,  145,     4,   False,  1526, 541.200, 2981454,  82662164,     6,    False,  True
2026-01-05,  146,     4,   False,    56,  75.800,    6433,    149130,     6,    False, False
2026-01-05,  147,     4,   False,  3390, 541.200, 5510594, 175390170,     6,    False,  True
2026-01-05,  148,     4,   False,   119,  96.100,   22874,    469289,     6,    False, False
2026-01-05,  149,     4,   False,   166, 182.300,  147891,   3025150,     6,    False, False
2026-01-05,  150,     4,   False,   270, 177.500,  788941,  17493951,     6,    False, False
2026-01-05,  151,     4,   False,   155, 100.300,   38691,    885462,     6,    False, False
2026-01-05,  152,     4,   False,   136, 110.400,    9488,    244315,     6,    False, False
2026-01-05,  153,     4,   False,  1156, 541.200, 1467635,  39609544,     6,    False,  True
2026-01-05,  154,     4,   False,   255, 167.000,  265342,   5608693,     6,    False, False
2026-01-05,  155,     4,   False,    57,  62.900,    2745,     50625,     6,    False, False
2026-01-05,  156,     4,   False,   334, 541.200,  440742,   9510900,     6,    False,  True
2026-01-05,  157,     4,   False,   724, 541.200,  757478,  18485200,     6,    False,  True
2026-01-05,  158,     4,   False,   142, 115.400,  132871,   2954144,     6,    False, False
2026-01-05,  159,     4,   False,    77,  84.000,   33590,    564484,     6,    False, False
2026-01-05,  160,     4,   False,   967, 164.700, 2683722,  82449839,     6,    False, False
2026-01-05,  161,     4,   False,   114,  73.500,   20673,    493841,     6,    False, False
2026-01-05,  162,     4,   False,   172, 122.900,   94730,   1917758,     6,    False, False
2026-01-05,  163,     4,   False,   217, 127.700,  324405,   6074948,     6,    False, False
2026-01-05,  164,     4,   False,   374, 202.800, 2742577,  55767942,     6,    False, False
2026-01-05,  165,     4,   False,   135, 190.300,  126066,   2487398,     6,    False, False
2026-01-05,  166,     4,   False,   142, 127.800,  145313,   2951695,     6,    False, False
2026-01-05,  167,     4,   False,    89, 111.800,    5866,    160953,     6,    False, False
2026-01-05,  168,     4,   False,    42,  39.700,    2182,     66453,     6,    False, False
2026-01-05,  169,     4,   False,   111, 101.600,  139003,   2860408,     6,    False, False
2026-01-05,  170,     4,   False,   107,  75.600,   18844,    404212,     6,    False, False
2026-01-05,  171,     4,   False,   373, 195.900,  401604,   8507466,     6,    False, False
2026-01-05,  172,     4,   False,   190, 110.700,   44106,   1400702,     6,    False, False
2026-01-05,  173,     4,   False,   496, 290.300,  599598,  13516072,     6,    False, False
2026-01-05,  174,     4,   False,   661, 541.200,  575959,  14445598,     6,    False,  True
2026-01-05,  175,     4,   False,    51,  51.900,    9197,    177521,     6,    False, False
2026-01-05,  176,     4,   False,   235, 541.200,  216769,   4738638,     6,    False,  True
2026-01-05,  177,     4,   False,   112, 121.000,   29241,    714489,     6,    False, False
2026-01-05,  178,     4,   False,   210, 541.200,  310376,   6191657,     6,    False,  True
2026-01-05,  179,     4,   False,    85,  55.100,   13823,    288723,     6,    False, False
2026-01-05,  180,     4,   False,    91,  80.300,   17612,    405935,     6,    False, False
2026-01-05,  181,     4,   False,   195, 135.900,  213684,   4044373,     6,    False, False
2026-01-05,  182,     4,   False,   188, 121.600,  266463,   5589846,     6,    False, False
2026-01-05,  183,     4,   False,   302, 162.700,  277955,   6028118,     6,    False, False
2026-01-05,  184,     4,   False,   242,  94.400,  120290,   2971670,     6,    False, False
2026-01-05,  185,     4,   False,  1775, 541.200, 2628919,  78093875,     6,    False,  True
2026-01-05,  186,     4,   False,   383, 105.000,  197339,   3931945,     6,    False, False
2026-01-05,  187,     4,   False,   133, 142.300,  233799,   4628137,     6,    False, False
2026-01-05,  188,     4,   False,   247, 302.100,  611381,  11274810,     6,    False, False
2026-01-05,  189,     4,   False,    79,  86.900,    9864,    199540,     6,    False, False
2026-01-05,  190,     4,   False,   408, 541.200, 1616783,  33737136,     6,    False,  True
2026-01-05,  191,     4,   False,   666, 246.500, 1509909,  31979032,     6,    False, False
2026-01-05,  192,     4,   False,   886, 177.900, 3026863,  77825589,     6,    False, False
2026-01-05,  193,     4,   False,    64,  47.700,   13394,    323297,     6,    False, False
2026-01-05,  194,     4,   False,    91, 163.500,   32081,    605248,     6,    False, False
2026-01-05,  195,     4,   False,   193, 160.900,  119063,   2874585,     6,    False, False
2026-01-05,  196,     4,   False,     1,   6.000,       2,        38,     6,    False, False
2026-01-05,  197,     4,   False,    74, 101.900,   16457,    408633,     6,    False, False
2026-01-05,  198,     4,   False,    54,  83.100,    9907,    209709,     6,    False, False
2026-01-05,  199,     4,   False,    73,  82.200,   19633,    411914,     6,    False, False
2026-01-05,  200,     4,   False,   595, 125.600,  562568,  15379070,     6,    False, False
2026-01-05,  201,     4,   False,   173, 125.900,   46220,   1123853,     6,    False, False
2026-01-05,  202,     4,   False,   196, 118.400,  178872,   3435682,     6,    False, False
2026-01-05,  203,     4,   False,   186, 119.300,  142908,   3801625,     6,    False, False
2026-01-05,  204,     4,   False,   381, 541.200,  989763,  23598053,     6,    False,  True
2026-01-05,  205,     4,   False,   217, 186.500,  346603,   6629609,     6,    False, False
2026-01-05,  206,     4,   False,  1353, 541.200, 4176782, 130393769,     6,    False,  True
2026-01-05,  207,     4,   False,    78,  97.000,    7453,    157536,     6,    False, False
2026-01-05,  208,     4,   False,  4256, 171.900, 8005238, 301144945,     6,     True, False
2026-01-05,  209,     4,   False,   323, 261.900,  570455,  12230329,     6,    False, False
2026-01-05,  210,     4,   False,   105,  80.500,   34334,    821317,     6,    False, False
2026-01-05,  211,     4,   False,   322, 541.200,  872479,  21217537,     6,    False,  True
2026-01-05,  212,     4,   False,   817, 179.200, 1049237,  28889310,     6,    False, False
2026-01-05,  213,     4,   False,   259, 246.200,  750308,  15861118,     6,    False, False
2026-01-05,  214,     4,   False,   447, 541.200,  459264,  10954949,     6,    False,  True
2026-01-05,  215,     4,   False,    56,  64.200,   55374,   1059616,     6,    False, False
2026-01-05,  216,     4,   False,   129, 166.500,   52115,   1015901,     6,    False, False
2026-01-05,  217,     4,   False,    66,  52.400,    6828,    163523,     6,    False, False
2026-01-05,  218,     4,   False,    59,  54.400,    5977,    127299,     6,    False, False
2026-01-05,  219,     4,   False,   357, 313.800,  302281,   6656567,     6,    False, False
2026-01-05,  220,     4,   False,   236, 203.400,  266376,   5578538,     6,    False, False
2026-01-05,  221,     4,   False,    57,  75.300,    8587,    183600,     6,    False, False
2026-01-05,  222,     4,   False,   190, 202.600,  347377,   6549724,     6,    False, False
2026-01-05,  223,     4,   False,   248, 162.400,  335618,   7539846,     6,    False, False
2026-01-05,  224,     4,   False,    83,  96.900,   29899,    550212,     6,    False, False
2026-01-05,  225,     4,   False,   137, 104.100,   10976,    315685,     6,    False, False
2026-01-05,  226,     4,   False,   190, 121.900,  131864,   2813166,     6,    False, False
2026-01-05,  227,     4,   False,   249, 186.100, 1234151,  23213810,     6,    False, False
2026-01-05,  228,     4,   False,   133, 141.000,   33469,    715021,     6,    False, False
2026-01-05,  229,     4,   False,   175, 144.800,   98199,   1893261,     6,    False, False
2026-01-05,  230,     4,   False,   168, 152.600,   87022,   1892029,     6,    False, False
2026-01-05,  231,     4,   False,    97, 105.000,   20342,    453269,     6,    False, False
2026-01-05,  232,     4,   False,   426, 541.200,  888732,  22569885,     6,    False,  True
2026-01-05,  233,     4,   False,    87,  98.300,   15784,    344329,     6,    False, False
2026-01-05,  234,     4,   False,   518, 541.200, 1579283,  32391843,     6,    False,  True
2026-01-05,  235,     4,   False,   191,  71.400,   39284,    928976,     6,    False, False
2026-01-05,  236,     4,   False,   323, 541.200,  485031,  11410527,     6,    False,  True
2026-01-05,  237,     4,   False,    94,  81.800,   22360,    450663,     6,    False, False
2026-01-05,  238,     4,   False,    87,  91.700,   15474,    281608,     6,    False, False
2026-01-05,  239,     4,   False,   124, 125.500,  111788,   1954431,     6,    False, False
2026-01-05,  240,     4,   False,   276, 541.200,  363745,   7582506,     6,    False,  True
2026-01-05,  241,     4,   False,   415, 214.700,  225596,   5463938,     6,    False, False
2026-01-05,  242,     4,   False,   181, 165.600,  123459,   2601966,     6,    False, False
2026-01-05,  243,     4,   False,    77,  81.500,   15797,    320670,     6,    False, False
2026-01-05,  244,     4,   False,   187, 164.300,  140590,   2756448,     6,    False, False
2026-01-05,  245,     4,   False,   835, 541.200, 1222447,  34147440,     6,    False,  True
2026-01-05,  246,     4,   False,   136, 125.700,  211002,   3985981,     6,    False, False
2026-01-05,  247,     4,   False,   261, 247.100,  202270,   4084999,     6,    False, False
2026-01-05,  248,     4,   False,   118,  80.600,   57239,   1106196,     6,    False, False
2026-01-05,  249,     4,   False,   137, 104.300,   19677,    478099,     6,    False, False
2026-01-05,  250,     4,   False,   209, 121.300,   38580,    937750,     6,    False, False
2026-01-05,  251,     4,   False,   113, 117.700,  131459,   2660513,     6,    False, False
2026-01-05,  252,     4,   False,  1001, 541.200, 3093789,  85935739,     6,    False,  True
2026-01-05,  253,     4,   False,   706, 541.200,  813472,  18727918,     6,    False,  True
2026-01-05,  254,     4,   False,    82, 127.000,    4627,    119992,     6,    False, False
2026-01-05,  255,     4,   False,   169, 130.200,  201363,   4506034,     6,    False, False
2026-01-05,  256,     4,   False,  1201, 541.200, 2693765,  72368776,     6,    False,  True
2026-01-05,  257,     4,   False,   292, 166.600,  393704,   7360518,     6,    False, False
2026-01-05,  258,     4,   False,    78,  98.300,   12065,    303926,     6,    False, False
2026-01-05,  259,     4,   False,   253, 124.800,  302880,   5860768,     6,    False, False
2026-01-05,  260,     4,   False,   100, 126.700,   58299,   1164835,     6,    False, False
2026-01-05,  261,     4,   False,   406, 541.200, 1511433,  31064047,     6,    False,  True
2026-01-05,  262,     4,   False,    90,  54.400,   22274,    450005,     6,    False, False
2026-01-05,  263,     4,   False,   610, 541.200, 1192456,  28767919,     6,    False,  True
2026-01-05,  264,     4,   False,  1788, 131.900, 4574996, 162359369,     6,    False, False
2026-01-05,  265,     4,   False,   149, 115.300,   23810,    540876,     6,    False, False
2026-01-05,  266,     4,   False,    99,  83.400,   23172,    479968,     6,    False, False
2026-01-05,  267,     4,   False,    97, 136.300,   26404,    482599,     6,    False, False
2026-01-05,  268,     4,   False,   179, 143.300,  156096,   3007566,     6,    False, False
2026-01-05,  269,     4,   False,   193, 132.400,   81490,   1765350,     6,    False, False
2026-01-05,  270,     4,   False,    73,  57.100,    6095,    184999,     6,    False, False
2026-01-05,  271,     4,   False,   263, 126.800,  313222,   6871874,     6,    False, False
2026-01-05,  272,     4,   False,   517, 541.200,  868415,  21031996,     6,    False,  True
2026-01-05,  273,     4,   False,   146, 127.600,   42503,    983852,     6,    False, False
2026-01-05,  274,     4,   False,   314, 541.200,  495154,  11876765,     6,    False,  True
2026-01-05,  275,     4,   False,   280, 541.200,  251453,   5699291,     6,    False,  True
2026-01-05,  276,     4,   False,   181, 122.900,  101060,   1833250,     6,    False, False
2026-01-05,  277,     4,   False,    71,  73.400,   17334,    386280,     6,    False, False
2026-01-05,  278,     4,   False,   250, 186.000,  345317,   6996568,     6,    False, False
2026-01-05,  279,     4,   False,   580, 234.700, 1853651,  36299942,     6,    False, False
2026-01-05,  280,     4,   False,    84,  86.200,   22155,    486221,     6,    False, False
2026-01-05,  281,     4,   False,   158, 195.200,   63953,   1354977,     6,    False, False
2026-01-05,  282,     4,   False,    85,  87.100,   33073,    654711,     6,    False, False
2026-01-05,  283,     4,   False,    83, 118.200,   27284,    577375,     6,    False, False
2026-01-05,  284,     4,   False,   118,  57.500,   18848,    504919,     6,    False, False
2026-01-05,  285,     4,   False,   607, 541.200, 1246836,  32729277,     6,    False,  True
2026-01-05,  286,     4,   False,   226, 137.700,   45319,   1000801,     6,    False, False
2026-01-05,  287,     4,   False,  2607, 186.400, 6406740, 301006597,     6,     True, False
2026-01-05,  288,     4,   False,    73,  65.400,    9614,    203708,     6,    False, False
2026-01-05,  289,     4,   False,    70,  60.600,    3742,    101301,     6,    False, False
2026-01-05,  290,     4,   False,    45,  39.600,    6128,    126938,     6,    False, False
2026-01-05,  291,     4,   False,  1062, 137.300, 2288104,  54980364,     6,    False, False
2026-01-05,  292,     4,   False,  1609, 541.200, 3701103, 116526049,     6,    False,  True
2026-01-05,  293,     4,   False,   362, 204.700,  836221,  18349305,     6,    False, False
2026-01-05,  294,     4,   False,   279, 164.500,  288218,   6444793,     6,    False, False
2026-01-05,  295,     4,   False,   244, 541.200,  526459,  10436432,     6,    False,  True
2026-01-05,  296,     4,   False,   118, 129.200,   46938,   1043134,     6,    False, False
2026-01-05,  297,     4,   False,   111, 119.900,   69147,   1195839,     6,    False, False
2026-01-05,  298,     4,   False,   244, 297.300,  878042,  16768593,     6,    False, False
2026-01-05,  299,     4,   False,  2636, 541.200, 6620274, 211987605,     6,    False,  True
